"Date","Price","Open","High","Low","Change %"
"2021-11-05 02:21:00","1.15546","1.155395","1.15546","1.155365","242"
"2021-11-05 02:22:00","1.155505","1.155455","1.155555","1.15541","250"
"2021-11-05 02:23:00","1.155545","1.15552","1.155565","1.155435","261"
"2021-11-05 02:24:00","1.15544","1.15555","1.155555","1.155415","232"
"2021-11-05 02:25:00","1.15545","1.155445","1.15547","1.155405","259"
"2021-11-05 02:26:00","1.155395","1.155455","1.155465","1.15538","211"
"2021-11-05 02:27:00","1.15548","1.15541","1.15548","1.15539","235"
"2021-11-05 02:28:00","1.15552","1.15548","1.15554","1.15547","250"
"2021-11-05 02:29:00","1.155535","1.155515","1.15556","1.155475","253"
"2021-11-05 02:30:00","1.15548","1.155535","1.15556","1.15546","257"
"2021-11-05 02:31:00","1.15549","1.155475","1.155515","1.15546","225"
"2021-11-05 02:32:00","1.15543","1.155495","1.155525","1.15539","257"
"2021-11-05 02:33:00","1.15544","1.15543","1.155485","1.1554","240"
"2021-11-05 02:34:00","1.15547","1.15545","1.155495","1.155405","219"
"2021-11-05 02:35:00","1.15546","1.15546","1.1555","1.15543","213"
"2021-11-05 02:36:00","1.15556","1.155455","1.15557","1.155425","228"
"2021-11-05 02:37:00","1.15557","1.15555","1.155625","1.155525","258"
"2021-11-05 02:38:00","1.155495","1.15556","1.15561","1.155485","269"
"2021-11-05 02:39:00","1.15552","1.155495","1.155555","1.155485","256"
"2021-11-05 02:40:00","1.15556","1.15553","1.155575","1.15548","230"
"2021-11-05 02:41:00","1.15554","1.15555","1.1556","1.15551","281"
"2021-11-05 02:42:00","1.15559","1.155535","1.155625","1.155535","233"
"2021-11-05 02:43:00","1.155615","1.15559","1.15562","1.155555","216"
"2021-11-05 02:44:00","1.15561","1.155615","1.155675","1.1556","252"
"2021-11-05 02:45:00","1.15561","1.15562","1.15567","1.15558","225"
"2021-11-05 02:46:00","1.15552","1.15561","1.155615","1.15551","230"
"2021-11-05 02:47:00","1.155575","1.155515","1.15559","1.155495","242"
"2021-11-05 02:48:00","1.15556","1.15559","1.15565","1.15555","231"
"2021-11-05 02:49:00","1.155575","1.15557","1.155595","1.15552","222"
"2021-11-05 02:50:00","1.155555","1.155565","1.155615","1.15551","235"
"2021-11-05 02:51:00","1.155595","1.155555","1.155615","1.15554","248"
"2021-11-05 02:52:00","1.15554","1.15559","1.15562","1.155525","237"
"2021-11-05 02:53:00","1.155535","1.15554","1.15557","1.15548","241"
"2021-11-05 02:54:00","1.15559","1.155535","1.155625","1.155525","221"
"2021-11-05 02:55:00","1.15554","1.155585","1.155585","1.15551","240"
"2021-11-05 02:56:00","1.155555","1.15554","1.155575","1.15547","239"
"2021-11-05 02:57:00","1.15553","1.155545","1.155595","1.1555","247"
"2021-11-05 02:58:00","1.15554","1.15554","1.155585","1.155485","261"
"2021-11-05 02:59:00","1.155745","1.15555","1.155745","1.155535","249"
"2021-11-05 03:00:00","1.15572","1.155745","1.155805","1.155665","250"
"2021-11-05 03:01:00","1.15571","1.15572","1.155795","1.15568","219"
"2021-11-05 03:02:00","1.155695","1.15572","1.15574","1.155675","247"
"2021-11-05 03:03:00","1.15564","1.155705","1.155705","1.15562","239"
"2021-11-05 03:04:00","1.155575","1.15564","1.155665","1.155515","223"
"2021-11-05 03:05:00","1.155585","1.15557","1.15563","1.155555","223"
"2021-11-05 03:06:00","1.155575","1.15559","1.155615","1.155545","226"
"2021-11-05 03:07:00","1.155565","1.15557","1.1556","1.15555","209"
"2021-11-05 03:08:00","1.155555","1.155575","1.15559","1.155545","216"
"2021-11-05 03:09:00","1.15553","1.155555","1.1556","1.155515","243"
"2021-11-05 03:10:00","1.15556","1.15553","1.15561","1.155525","246"
"2021-11-05 03:11:00","1.155525","1.155545","1.155585","1.1555","228"
"2021-11-05 03:12:00","1.155535","1.155515","1.15556","1.15549","206"
"2021-11-05 03:13:00","1.155565","1.15554","1.155575","1.155515","222"
"2021-11-05 03:14:00","1.15559","1.155555","1.155645","1.15552","248"
"2021-11-05 03:15:00","1.15553","1.15558","1.155635","1.155505","213"
"2021-11-05 03:16:00","1.15551","1.15552","1.15555","1.15551","208"
"2021-11-05 03:17:00","1.15552","1.1555","1.15556","1.1555","194"
"2021-11-05 03:18:00","1.155505","1.15552","1.15553","1.15549","201"
"2021-11-05 03:19:00","1.155585","1.155505","1.1556","1.155485","205"
"2021-11-05 03:20:00","1.155595","1.155585","1.15564","1.15556","265"
"2021-11-05 03:21:00","1.15565","1.155605","1.155665","1.155575","220"
"2021-11-05 03:22:00","1.15565","1.155645","1.155675","1.15561","228"
"2021-11-05 03:23:00","1.15565","1.155645","1.155675","1.15561","193"
"2021-11-05 03:24:00","1.155645","1.155645","1.15567","1.155595","223"
"2021-11-05 03:25:00","1.15559","1.155645","1.155665","1.15559","235"
"2021-11-05 03:26:00","1.155555","1.15559","1.1556","1.155535","204"
"2021-11-05 03:27:00","1.15558","1.15557","1.1556","1.155535","208"
"2021-11-05 03:28:00","1.15558","1.15559","1.1556","1.15555","170"
"2021-11-05 03:29:00","1.155595","1.155585","1.155605","1.155555","214"
"2021-11-05 03:30:00","1.155505","1.15559","1.15559","1.15546","191"
"2021-11-05 03:31:00","1.15548","1.155505","1.15554","1.155455","193"
"2021-11-05 03:32:00","1.155485","1.15549","1.155505","1.15546","180"
"2021-11-05 03:33:00","1.155475","1.15549","1.155515","1.155465","207"
"2021-11-05 03:34:00","1.155525","1.15549","1.155555","1.15547","181"
"2021-11-05 03:35:00","1.15554","1.155515","1.155575","1.155515","188"
"2021-11-05 03:36:00","1.155395","1.15554","1.155565","1.15536","237"
"2021-11-05 03:37:00","1.15545","1.15539","1.155455","1.155365","229"
"2021-11-05 03:38:00","1.155455","1.15544","1.15549","1.155425","187"
"2021-11-05 03:39:00","1.155435","1.15544","1.155515","1.15542","237"
"2021-11-05 03:40:00","1.155365","1.15542","1.15546","1.155325","222"
"2021-11-05 03:41:00","1.15537","1.15536","1.15539","1.155325","192"
"2021-11-05 03:42:00","1.15531","1.15536","1.15537","1.15528","225"
"2021-11-05 03:43:00","1.15538","1.155305","1.15539","1.155305","216"
"2021-11-05 03:44:00","1.15537","1.15539","1.155405","1.155295","247"
"2021-11-05 03:45:00","1.155415","1.15537","1.155465","1.155365","279"
"2021-11-05 03:46:00","1.155365","1.155415","1.155455","1.155345","190"
"2021-11-05 03:47:00","1.15538","1.155365","1.15543","1.15535","222"
"2021-11-05 03:48:00","1.1553","1.155385","1.155415","1.15528","221"
"2021-11-05 03:49:00","1.155285","1.155305","1.155355","1.15519","241"
"2021-11-05 03:50:00","1.15546","1.155285","1.155485","1.155285","263"
"2021-11-05 03:51:00","1.15531","1.15547","1.15548","1.155305","210"
"2021-11-05 03:52:00","1.15531","1.155315","1.15535","1.155295","215"
"2021-11-05 03:53:00","1.155365","1.1553","1.155415","1.1553","201"
"2021-11-05 03:54:00","1.15542","1.155385","1.155455","1.15536","215"
"2021-11-05 03:55:00","1.15548","1.155425","1.15555","1.15542","219"
"2021-11-05 03:56:00","1.15546","1.155475","1.15553","1.15543","228"
"2021-11-05 03:57:00","1.1555","1.15546","1.155525","1.15544","203"
"2021-11-05 03:58:00","1.155445","1.1555","1.155515","1.15544","204"
"2021-11-05 03:59:00","1.155415","1.15546","1.155485","1.155395","185"
"2021-11-05 04:00:00","1.155385","1.155415","1.155415","1.155355","63"
"2021-11-05 04:01:00","1.155245","1.155365","1.155415","1.155235","67"
"2021-11-05 04:02:00","1.155245","1.155245","1.155255","1.155225","47"
"2021-11-05 04:03:00","1.155245","1.155245","1.155255","1.155225","51"
"2021-11-05 04:04:00","1.155265","1.155245","1.155285","1.155225","44"
"2021-11-05 04:05:00","1.155245","1.155265","1.155305","1.155225","46"
"2021-11-05 04:06:00","1.155235","1.155235","1.155255","1.155225","42"
"2021-11-05 04:07:00","1.155265","1.155235","1.155285","1.155235","50"
"2021-11-05 04:08:00","1.155445","1.155275","1.155465","1.155265","41"
"2021-11-05 04:09:00","1.155445","1.155445","1.155465","1.155435","51"
"2021-11-05 04:10:00","1.155475","1.155445","1.155535","1.155435","57"
"2021-11-05 04:11:00","1.155475","1.155475","1.155485","1.155455","58"
"2021-11-05 04:12:00","1.155535","1.155465","1.155545","1.155465","52"
"2021-11-05 04:13:00","1.155515","1.155535","1.155535","1.155495","75"
"2021-11-05 04:14:00","1.155525","1.155515","1.155535","1.155495","54"
"2021-11-05 04:15:00","1.155515","1.155515","1.155535","1.155505","41"
"2021-11-05 04:16:00","1.15539","1.155525","1.155535","1.155375","76"
"2021-11-05 04:17:00","1.155395","1.155395","1.155415","1.155375","91"
"2021-11-05 04:18:00","1.155395","1.155395","1.155415","1.155375","80"
"2021-11-05 04:19:00","1.155565","1.155385","1.155585","1.155375","63"
"2021-11-05 04:20:00","1.155355","1.155565","1.155575","1.155325","62"
"2021-11-05 04:21:00","1.155345","1.155355","1.15536","1.155325","66"
"2021-11-05 04:22:00","1.155365","1.155335","1.155435","1.155325","104"
"2021-11-05 04:23:00","1.155415","1.155375","1.155425","1.155355","66"
"2021-11-05 04:24:00","1.155415","1.155415","1.155425","1.155395","55"
"2021-11-05 04:25:00","1.155415","1.155405","1.155435","1.155395","62"
"2021-11-05 04:26:00","1.155435","1.155415","1.155445","1.155405","44"
"2021-11-05 04:27:00","1.155435","1.155435","1.155435","1.155405","54"
"2021-11-05 04:28:00","1.155425","1.155435","1.155435","1.155405","45"
"2021-11-05 04:29:00","1.155405","1.155425","1.155445","1.155385","44"
"2021-11-05 04:30:00","1.155405","1.155405","1.155425","1.155385","53"
"2021-11-05 04:31:00","1.155395","1.155405","1.15543","1.155385","84"
"2021-11-05 04:32:00","1.155405","1.155395","1.155425","1.155385","74"
"2021-11-05 04:33:00","1.155375","1.155405","1.155435","1.155315","80"
"2021-11-05 04:34:00","1.15536","1.155375","1.15538","1.155315","98"
"2021-11-05 04:35:00","1.15526","1.155345","1.15537","1.155235","141"
"2021-11-05 04:36:00","1.155305","1.155265","1.155335","1.15524","111"
"2021-11-05 04:37:00","1.15535","1.155315","1.15535","1.155275","149"
"2021-11-05 04:38:00","1.155295","1.15533","1.15535","1.155275","117"
"2021-11-05 04:39:00","1.155295","1.155315","1.15534","1.155265","117"
"2021-11-05 04:40:00","1.155305","1.155295","1.155335","1.155275","122"
"2021-11-05 04:41:00","1.155295","1.155285","1.15534","1.155265","174"
"2021-11-05 04:42:00","1.155295","1.155305","1.15533","1.15527","113"
"2021-11-05 04:43:00","1.155305","1.155295","1.155325","1.155275","94"
"2021-11-05 04:44:00","1.155275","1.15529","1.155325","1.155265","106"
"2021-11-05 04:45:00","1.155295","1.15528","1.155325","1.155275","99"
"2021-11-05 04:46:00","1.1553","1.155305","1.155325","1.155265","100"
"2021-11-05 04:47:00","1.155295","1.1553","1.155325","1.15527","109"
"2021-11-05 04:48:00","1.15529","1.155295","1.155335","1.15528","243"
"2021-11-05 04:49:00","1.155295","1.155305","1.155325","1.155275","136"
"2021-11-05 04:50:00","1.15533","1.155305","1.15539","1.15527","272"
"2021-11-05 04:51:00","1.155365","1.15533","1.155375","1.155305","227"
"2021-11-05 04:52:00","1.155375","1.155355","1.1554","1.155315","276"
"2021-11-05 04:53:00","1.155355","1.15537","1.1554","1.155335","264"
"2021-11-05 04:54:00","1.15534","1.155355","1.155395","1.155325","304"
"2021-11-05 04:55:00","1.155345","1.15537","1.15538","1.155305","161"
"2021-11-05 04:56:00","1.155355","1.155345","1.155375","1.155325","139"
"2021-11-05 04:57:00","1.155325","1.155345","1.155375","1.155315","145"
"2021-11-05 04:58:00","1.1553","1.15533","1.15537","1.155275","313"
"2021-11-05 04:59:00","1.155405","1.15531","1.15541","1.155295","270"
"2021-11-05 05:00:00","1.15536","1.15541","1.155425","1.155265","210"
"2021-11-05 05:01:00","1.15537","1.15534","1.15541","1.155325","176"
"2021-11-05 05:02:00","1.15536","1.155365","1.1554","1.15534","182"
"2021-11-05 05:03:00","1.15536","1.15536","1.1554","1.155335","167"
"2021-11-05 05:04:00","1.15541","1.15536","1.15541","1.15535","192"
"2021-11-05 05:05:00","1.155365","1.1554","1.15542","1.155365","210"
"2021-11-05 05:06:00","1.15534","1.155365","1.155405","1.155335","183"
"2021-11-05 05:07:00","1.15538","1.15533","1.1554","1.15533","200"
"2021-11-05 05:08:00","1.155355","1.155385","1.155395","1.155335","180"
"2021-11-05 05:09:00","1.155325","1.15536","1.155395","1.15532","191"
"2021-11-05 05:10:00","1.15534","1.155355","1.15538","1.15531","178"
"2021-11-05 05:11:00","1.15535","1.15535","1.155375","1.15531","174"
"2021-11-05 05:12:00","1.155335","1.155345","1.15537","1.155315","175"
"2021-11-05 05:13:00","1.155335","1.155335","1.155415","1.15532","185"
"2021-11-05 05:14:00","1.15535","1.155345","1.1554","1.155335","199"
"2021-11-05 05:15:00","1.15536","1.15534","1.15538","1.155325","197"
"2021-11-05 05:16:00","1.15537","1.155355","1.15539","1.15532","202"
"2021-11-05 05:17:00","1.15533","1.15537","1.155385","1.15533","206"
"2021-11-05 05:18:00","1.15531","1.155345","1.15538","1.155285","206"
"2021-11-05 05:19:00","1.155335","1.15532","1.155375","1.1553","226"
"2021-11-05 05:20:00","1.15534","1.155335","1.15536","1.15531","227"
"2021-11-05 05:21:00","1.155295","1.15534","1.155345","1.15528","186"
"2021-11-05 05:22:00","1.1553","1.15531","1.155375","1.15528","224"
"2021-11-05 05:23:00","1.155285","1.1553","1.155335","1.15527","190"
"2021-11-05 05:24:00","1.155305","1.155285","1.15538","1.155265","244"
"2021-11-05 05:25:00","1.155285","1.155305","1.15536","1.15527","236"
"2021-11-05 05:26:00","1.155305","1.155285","1.15533","1.155265","222"
"2021-11-05 05:27:00","1.155305","1.155295","1.15532","1.15527","224"
"2021-11-05 05:28:00","1.15533","1.15529","1.15538","1.15527","203"
"2021-11-05 05:29:00","1.15542","1.155345","1.15544","1.15533","223"
"2021-11-05 05:30:00","1.155395","1.155405","1.15544","1.155375","239"
"2021-11-05 05:31:00","1.15536","1.155405","1.15543","1.155345","210"
"2021-11-05 05:32:00","1.15537","1.155375","1.155405","1.155345","197"
"2021-11-05 05:33:00","1.15537","1.155355","1.15539","1.155325","192"
"2021-11-05 05:34:00","1.15535","1.155365","1.155385","1.15534","213"
"2021-11-05 05:35:00","1.155365","1.15535","1.155395","1.15533","190"
"2021-11-05 05:36:00","1.15533","1.15536","1.155375","1.155305","213"
"2021-11-05 05:37:00","1.15534","1.155335","1.15537","1.15532","184"
"2021-11-05 05:38:00","1.15531","1.155345","1.15537","1.15529","191"
"2021-11-05 05:39:00","1.155285","1.155305","1.155355","1.155275","232"
"2021-11-05 05:40:00","1.15529","1.1553","1.155335","1.155265","219"
"2021-11-05 05:41:00","1.155295","1.15528","1.155315","1.155235","221"
"2021-11-05 05:42:00","1.155305","1.15529","1.15533","1.155275","224"
"2021-11-05 05:43:00","1.15528","1.1553","1.155325","1.155275","192"
"2021-11-05 05:44:00","1.15533","1.15528","1.155345","1.15528","193"
"2021-11-05 05:45:00","1.15534","1.155325","1.155375","1.155295","207"
"2021-11-05 05:46:00","1.155305","1.155345","1.15537","1.15529","244"
"2021-11-05 05:47:00","1.155305","1.15532","1.155345","1.15528","225"
"2021-11-05 05:48:00","1.155335","1.1553","1.15534","1.15529","215"
"2021-11-05 05:49:00","1.155405","1.15534","1.15543","1.155305","214"
"2021-11-05 05:50:00","1.155425","1.155405","1.15545","1.15538","205"
"2021-11-05 05:51:00","1.15541","1.15542","1.155445","1.15538","203"
"2021-11-05 05:52:00","1.155415","1.155415","1.155435","1.15539","177"
"2021-11-05 05:53:00","1.155425","1.15542","1.155445","1.15539","206"
"2021-11-05 05:54:00","1.155405","1.155435","1.155445","1.155395","188"
"2021-11-05 05:55:00","1.15536","1.155425","1.15545","1.155345","189"
"2021-11-05 05:56:00","1.155305","1.155365","1.15538","1.155305","201"
"2021-11-05 05:57:00","1.15533","1.155315","1.155345","1.155285","209"
"2021-11-05 05:58:00","1.15529","1.155335","1.155355","1.155275","225"
"2021-11-05 05:59:00","1.15528","1.155305","1.155355","1.15528","232"
"2021-11-05 06:00:00","1.15519","1.15528","1.155305","1.155165","249"
"2021-11-05 06:01:00","1.1551","1.155195","1.15521","1.155075","248"
"2021-11-05 06:02:00","1.155135","1.155105","1.15517","1.155035","266"
"2021-11-05 06:03:00","1.15517","1.155145","1.155185","1.15513","191"
"2021-11-05 06:04:00","1.155245","1.15517","1.155275","1.15516","233"
"2021-11-05 06:05:00","1.155265","1.15524","1.155305","1.155235","219"
"2021-11-05 06:06:00","1.155215","1.15527","1.15529","1.155185","197"
"2021-11-05 06:07:00","1.1552","1.155215","1.155225","1.155135","202"
"2021-11-05 06:08:00","1.15521","1.15522","1.15523","1.155185","209"
"2021-11-05 06:09:00","1.155205","1.1552","1.15523","1.15518","190"
"2021-11-05 06:10:00","1.155265","1.155195","1.155275","1.15518","248"
"2021-11-05 06:11:00","1.155255","1.15526","1.15528","1.15522","236"
"2021-11-05 06:12:00","1.155145","1.155255","1.15527","1.1551","239"
"2021-11-05 06:13:00","1.15504","1.155135","1.155145","1.15501","263"
"2021-11-05 06:14:00","1.154935","1.155035","1.1551","1.15493","235"
"2021-11-05 06:15:00","1.155025","1.15494","1.155075","1.154935","245"
"2021-11-05 06:16:00","1.15501","1.15503","1.15504","1.15492","234"
"2021-11-05 06:17:00","1.155","1.15501","1.15507","1.154975","255"
"2021-11-05 06:18:00","1.154945","1.155005","1.155035","1.1549","237"
"2021-11-05 06:19:00","1.155005","1.154945","1.155075","1.154925","252"
"2021-11-05 06:20:00","1.15495","1.15499","1.15501","1.15488","241"
"2021-11-05 06:21:00","1.15495","1.154945","1.15497","1.154905","246"
"2021-11-05 06:22:00","1.15505","1.15495","1.155065","1.154945","260"
"2021-11-05 06:23:00","1.15502","1.15506","1.15508","1.155015","239"
"2021-11-05 06:24:00","1.155025","1.15502","1.15507","1.155015","220"
"2021-11-05 06:25:00","1.15512","1.15502","1.155135","1.15501","256"
"2021-11-05 06:26:00","1.15511","1.155105","1.15514","1.15509","210"
"2021-11-05 06:27:00","1.15512","1.155115","1.155165","1.155095","191"
"2021-11-05 06:28:00","1.155125","1.155115","1.155155","1.1551","230"
"2021-11-05 06:29:00","1.15515","1.15512","1.15516","1.155105","195"
"2021-11-05 06:30:00","1.155165","1.15513","1.155175","1.15511","218"
"2021-11-05 06:31:00","1.155205","1.15517","1.15523","1.15517","218"
"2021-11-05 06:32:00","1.15531","1.15521","1.155345","1.155185","235"
"2021-11-05 06:33:00","1.15531","1.15531","1.155345","1.15529","241"
"2021-11-05 06:34:00","1.155315","1.155305","1.15534","1.15529","203"
"2021-11-05 06:35:00","1.15532","1.155315","1.155345","1.15529","247"
"2021-11-05 06:36:00","1.1553","1.15532","1.155335","1.155255","205"
"2021-11-05 06:37:00","1.155265","1.155295","1.155315","1.15524","227"
"2021-11-05 06:38:00","1.155265","1.155265","1.155285","1.155235","205"
"2021-11-05 06:39:00","1.15529","1.155255","1.15529","1.155235","231"
"2021-11-05 06:40:00","1.15527","1.155285","1.155305","1.155245","221"
"2021-11-05 06:41:00","1.15532","1.155275","1.15533","1.155255","218"
"2021-11-05 06:42:00","1.1554","1.155305","1.15542","1.15529","260"
"2021-11-05 06:43:00","1.15537","1.155395","1.15542","1.15536","232"
"2021-11-05 06:44:00","1.155355","1.15538","1.15539","1.15534","230"
"2021-11-05 06:45:00","1.155355","1.15536","1.15539","1.155335","237"
"2021-11-05 06:46:00","1.15535","1.155355","1.155385","1.155335","192"
"2021-11-05 06:47:00","1.15535","1.155355","1.155385","1.1553","230"
"2021-11-05 06:48:00","1.15538","1.155355","1.1554","1.155335","211"
"2021-11-05 06:49:00","1.1554","1.155375","1.15541","1.155365","231"
"2021-11-05 06:50:00","1.155455","1.1554","1.155465","1.15538","248"
"2021-11-05 06:51:00","1.15547","1.155455","1.15547","1.155425","185"
"2021-11-05 06:52:00","1.15549","1.15547","1.155505","1.155435","238"
"2021-11-05 06:53:00","1.15547","1.15548","1.1555","1.155445","200"
"2021-11-05 06:54:00","1.1554","1.155475","1.155475","1.155375","228"
"2021-11-05 06:55:00","1.155415","1.1554","1.15544","1.155385","211"
"2021-11-05 06:56:00","1.15545","1.15541","1.15547","1.15539","250"
"2021-11-05 06:57:00","1.15545","1.155455","1.155475","1.155425","202"
"2021-11-05 06:58:00","1.155465","1.15545","1.155485","1.15542","218"
"2021-11-05 06:59:00","1.15553","1.15548","1.155545","1.15547","172"
"2021-11-05 07:00:00","1.15556","1.155535","1.155605","1.15551","261"
"2021-11-05 07:01:00","1.1551","1.155545","1.155545","1.15503","293"
"2021-11-05 07:02:00","1.15516","1.155115","1.155245","1.15508","263"
"2021-11-05 07:03:00","1.15527","1.15515","1.155315","1.15514","263"
"2021-11-05 07:04:00","1.155195","1.15528","1.1553","1.15517","259"
"2021-11-05 07:05:00","1.155315","1.15519","1.155325","1.155175","252"
"2021-11-05 07:06:00","1.15529","1.15531","1.155315","1.15526","226"
"2021-11-05 07:07:00","1.15524","1.1553","1.15531","1.15522","279"
"2021-11-05 07:08:00","1.15514","1.15524","1.15533","1.15514","261"
"2021-11-05 07:09:00","1.15513","1.155135","1.155185","1.155105","266"
"2021-11-05 07:10:00","1.155055","1.155125","1.15515","1.15502","229"
"2021-11-05 07:11:00","1.15507","1.155065","1.15508","1.15503","196"
"2021-11-05 07:12:00","1.155035","1.155055","1.15508","1.155025","228"
"2021-11-05 07:13:00","1.155055","1.15505","1.15511","1.155035","204"
"2021-11-05 07:14:00","1.15502","1.155045","1.15507","1.155005","212"
"2021-11-05 07:15:00","1.155005","1.155015","1.15511","1.154975","262"
"2021-11-05 07:16:00","1.15506","1.15501","1.15507","1.15495","227"
"2021-11-05 07:17:00","1.15513","1.155065","1.155155","1.155035","271"
"2021-11-05 07:18:00","1.155145","1.155135","1.155165","1.15512","247"
"2021-11-05 07:19:00","1.155255","1.155135","1.15528","1.15512","252"
"2021-11-05 07:20:00","1.15525","1.155255","1.155285","1.155205","230"
"2021-11-05 07:21:00","1.155265","1.155265","1.15528","1.15519","273"
"2021-11-05 07:22:00","1.155225","1.155255","1.15536","1.155225","280"
"2021-11-05 07:23:00","1.15521","1.15524","1.155265","1.155195","257"
"2021-11-05 07:24:00","1.155275","1.15521","1.15529","1.155195","226"
"2021-11-05 07:25:00","1.15508","1.155255","1.155285","1.15505","210"
"2021-11-05 07:26:00","1.15504","1.15506","1.15512","1.155025","236"
"2021-11-05 07:27:00","1.155055","1.155045","1.155105","1.15501","231"
"2021-11-05 07:28:00","1.15509","1.15505","1.155105","1.15503","237"
"2021-11-05 07:29:00","1.15514","1.15509","1.15518","1.15507","240"
"2021-11-05 07:30:00","1.155145","1.15515","1.15519","1.155115","212"
"2021-11-05 07:31:00","1.155105","1.15515","1.15517","1.15508","235"
"2021-11-05 07:32:00","1.15507","1.1551","1.155135","1.155055","250"
"2021-11-05 07:33:00","1.15496","1.15507","1.155085","1.15492","270"
"2021-11-05 07:34:00","1.154985","1.15497","1.15499","1.15489","266"
"2021-11-05 07:35:00","1.154925","1.15498","1.155015","1.15486","249"
"2021-11-05 07:36:00","1.15488","1.154915","1.15493","1.1548","243"
"2021-11-05 07:37:00","1.15489","1.154885","1.15491","1.154805","270"
"2021-11-05 07:38:00","1.154805","1.154885","1.15489","1.154795","257"
"2021-11-05 07:39:00","1.154815","1.154805","1.15484","1.15479","229"
"2021-11-05 07:40:00","1.154835","1.15481","1.154855","1.15478","261"
"2021-11-05 07:41:00","1.15482","1.15483","1.15486","1.154785","230"
"2021-11-05 07:42:00","1.15481","1.15481","1.154835","1.15479","213"
"2021-11-05 07:43:00","1.15487","1.1548","1.154885","1.15469","247"
"2021-11-05 07:44:00","1.15501","1.154865","1.155015","1.154865","241"
"2021-11-05 07:45:00","1.154835","1.15501","1.15502","1.154835","241"
"2021-11-05 07:46:00","1.154885","1.15483","1.15492","1.15483","216"
"2021-11-05 07:47:00","1.15492","1.1549","1.154955","1.15487","233"
"2021-11-05 07:48:00","1.154975","1.154915","1.15502","1.15487","218"
"2021-11-05 07:49:00","1.154965","1.154975","1.154985","1.1549","231"
"2021-11-05 07:50:00","1.1549","1.154955","1.154955","1.15485","224"
"2021-11-05 07:51:00","1.15504","1.15489","1.155045","1.154865","224"
"2021-11-05 07:52:00","1.15505","1.15504","1.155055","1.15498","218"
"2021-11-05 07:53:00","1.15509","1.15505","1.1551","1.154975","255"
"2021-11-05 07:54:00","1.155145","1.15509","1.15516","1.15506","246"
"2021-11-05 07:55:00","1.15511","1.155145","1.155145","1.15506","236"
"2021-11-05 07:56:00","1.15518","1.15511","1.155305","1.15511","249"
"2021-11-05 07:57:00","1.15517","1.155165","1.15518","1.155115","230"
"2021-11-05 07:58:00","1.15515","1.155175","1.155215","1.15511","244"
"2021-11-05 07:59:00","1.155135","1.15515","1.15523","1.15512","244"
"2021-11-05 08:00:00","1.15523","1.15514","1.155295","1.15513","259"
"2021-11-05 08:01:00","1.155245","1.155225","1.155245","1.15515","285"
"2021-11-05 08:02:00","1.1552","1.15523","1.15526","1.155145","265"
"2021-11-05 08:03:00","1.155125","1.15521","1.15521","1.155105","263"
"2021-11-05 08:04:00","1.154985","1.15513","1.155155","1.154975","245"
"2021-11-05 08:05:00","1.155015","1.154995","1.155075","1.154975","235"
"2021-11-05 08:06:00","1.15503","1.15502","1.15511","1.15497","238"
"2021-11-05 08:07:00","1.15506","1.155025","1.155075","1.154965","246"
"2021-11-05 08:08:00","1.155005","1.155085","1.15515","1.15499","266"
"2021-11-05 08:09:00","1.155055","1.15501","1.15508","1.15499","227"
"2021-11-05 08:10:00","1.155035","1.155045","1.15512","1.155025","242"
"2021-11-05 08:11:00","1.15506","1.155045","1.15509","1.15498","240"
"2021-11-05 08:12:00","1.154985","1.15506","1.155125","1.15498","260"
"2021-11-05 08:13:00","1.154935","1.154975","1.15502","1.154915","247"
"2021-11-05 08:14:00","1.15512","1.154945","1.155125","1.154935","250"
"2021-11-05 08:15:00","1.15508","1.155125","1.15515","1.15506","267"
"2021-11-05 08:16:00","1.15495","1.15508","1.1551","1.15492","258"
"2021-11-05 08:17:00","1.154995","1.15495","1.155015","1.154905","223"
"2021-11-05 08:18:00","1.15493","1.154995","1.155025","1.154915","242"
"2021-11-05 08:19:00","1.15483","1.154925","1.15496","1.154825","253"
"2021-11-05 08:20:00","1.154675","1.15486","1.154875","1.154655","264"
"2021-11-05 08:21:00","1.154635","1.15468","1.15476","1.15456","247"
"2021-11-05 08:22:00","1.154705","1.15463","1.154785","1.154625","254"
"2021-11-05 08:23:00","1.15457","1.154705","1.15473","1.15451","294"
"2021-11-05 08:24:00","1.15471","1.154575","1.15471","1.15455","253"
"2021-11-05 08:25:00","1.15473","1.154705","1.154805","1.154675","248"
"2021-11-05 08:26:00","1.154795","1.154745","1.15481","1.154715","231"
"2021-11-05 08:27:00","1.154805","1.1548","1.15487","1.15477","262"
"2021-11-05 08:28:00","1.1549","1.15481","1.15492","1.154785","274"
"2021-11-05 08:29:00","1.154945","1.1549","1.15495","1.15485","238"
"2021-11-05 08:30:00","1.15491","1.154935","1.154965","1.15485","260"
"2021-11-05 08:31:00","1.15497","1.15491","1.15498","1.154845","263"
"2021-11-05 08:32:00","1.15505","1.15495","1.15507","1.15492","246"
"2021-11-05 08:33:00","1.1551","1.15504","1.155125","1.15498","237"
"2021-11-05 08:34:00","1.155075","1.1551","1.155135","1.15503","230"
"2021-11-05 08:35:00","1.15514","1.15508","1.15516","1.15508","231"
"2021-11-05 08:36:00","1.155085","1.15514","1.15518","1.15503","284"
"2021-11-05 08:37:00","1.155085","1.155095","1.155155","1.155025","259"
"2021-11-05 08:38:00","1.155155","1.155095","1.15518","1.155095","262"
"2021-11-05 08:39:00","1.15499","1.155145","1.15516","1.154915","249"
"2021-11-05 08:40:00","1.15502","1.154985","1.155025","1.154955","241"
"2021-11-05 08:41:00","1.15511","1.155005","1.15511","1.15498","245"
"2021-11-05 08:42:00","1.155075","1.155095","1.15514","1.15504","229"
"2021-11-05 08:43:00","1.155145","1.15507","1.15517","1.155025","222"
"2021-11-05 08:44:00","1.15512","1.15515","1.15518","1.155085","275"
"2021-11-05 08:45:00","1.15507","1.15512","1.15513","1.15495","275"
"2021-11-05 08:46:00","1.155125","1.15508","1.15516","1.155065","257"
"2021-11-05 08:47:00","1.15514","1.15511","1.155215","1.15509","255"
"2021-11-05 08:48:00","1.155085","1.15514","1.15515","1.15505","259"
"2021-11-05 08:49:00","1.155145","1.15509","1.155195","1.15506","247"
"2021-11-05 08:50:00","1.155125","1.155135","1.155205","1.155075","257"
"2021-11-05 08:51:00","1.15513","1.15513","1.155165","1.15509","259"
"2021-11-05 08:52:00","1.15513","1.155135","1.15521","1.15509","270"
"2021-11-05 08:53:00","1.15514","1.15514","1.15517","1.155095","214"
"2021-11-05 08:54:00","1.155085","1.155135","1.15516","1.15506","227"
"2021-11-05 08:55:00","1.155055","1.155075","1.15512","1.155045","237"
"2021-11-05 08:56:00","1.155005","1.15506","1.155105","1.15498","271"
"2021-11-05 08:57:00","1.15491","1.155","1.155055","1.15489","287"
"2021-11-05 08:58:00","1.154885","1.154915","1.154955","1.154865","271"
"2021-11-05 08:59:00","1.15507","1.154885","1.155115","1.154875","236"
"2021-11-05 09:00:00","1.155025","1.155065","1.155075","1.154975","254"
"2021-11-05 09:01:00","1.154925","1.155045","1.155045","1.15491","241"
"2021-11-05 09:02:00","1.15484","1.154925","1.154935","1.154805","279"
"2021-11-05 09:03:00","1.15483","1.15484","1.15486","1.154775","256"
"2021-11-05 09:04:00","1.154765","1.154835","1.15485","1.15473","229"
"2021-11-05 09:05:00","1.15481","1.15476","1.154815","1.154755","223"
"2021-11-05 09:06:00","1.15484","1.154805","1.15486","1.154795","249"
"2021-11-05 09:07:00","1.154865","1.15485","1.15494","1.15482","245"
"2021-11-05 09:08:00","1.154865","1.154865","1.154905","1.154815","256"
"2021-11-05 09:09:00","1.15491","1.154865","1.154975","1.154855","248"
"2021-11-05 09:10:00","1.15484","1.154905","1.154915","1.15482","265"
"2021-11-05 09:11:00","1.1549","1.15485","1.154915","1.15482","242"
"2021-11-05 09:12:00","1.154905","1.1549","1.154975","1.154875","252"
"2021-11-05 09:13:00","1.154805","1.15491","1.154925","1.154795","270"
"2021-11-05 09:14:00","1.15481","1.154805","1.154865","1.154795","227"
"2021-11-05 09:15:00","1.15476","1.1548","1.154815","1.15473","236"
"2021-11-05 09:16:00","1.15475","1.15476","1.15481","1.154725","268"
"2021-11-05 09:17:00","1.154685","1.154745","1.15477","1.15467","262"
"2021-11-05 09:18:00","1.154705","1.15467","1.15471","1.15462","270"
"2021-11-05 09:19:00","1.154705","1.15469","1.15474","1.15466","269"
"2021-11-05 09:20:00","1.15474","1.15471","1.15476","1.154695","238"
"2021-11-05 09:21:00","1.15473","1.154735","1.15478","1.154695","266"
"2021-11-05 09:22:00","1.154795","1.154725","1.154825","1.15469","300"
"2021-11-05 09:23:00","1.154745","1.154795","1.154825","1.154735","271"
"2021-11-05 09:24:00","1.154715","1.15474","1.154765","1.154685","239"
"2021-11-05 09:25:00","1.15479","1.15472","1.1548","1.154695","270"
"2021-11-05 09:26:00","1.154715","1.15478","1.15481","1.15466","250"
"2021-11-05 09:27:00","1.154685","1.154695","1.15471","1.15463","252"
"2021-11-05 09:28:00","1.15468","1.154685","1.15471","1.15463","240"
"2021-11-05 09:29:00","1.15469","1.154675","1.154705","1.154625","260"
"2021-11-05 09:30:00","1.154645","1.154695","1.15472","1.15461","287"
"2021-11-05 09:31:00","1.154635","1.15465","1.154665","1.154615","217"
"2021-11-05 09:32:00","1.154525","1.154625","1.15466","1.154525","239"
"2021-11-05 09:33:00","1.15456","1.154525","1.154575","1.154515","220"
"2021-11-05 09:34:00","1.15455","1.15456","1.154625","1.154535","275"
"2021-11-05 09:35:00","1.15456","1.154555","1.15461","1.154515","267"
"2021-11-05 09:36:00","1.154565","1.15457","1.154605","1.15452","238"
"2021-11-05 09:37:00","1.15461","1.15457","1.15461","1.15449","221"
"2021-11-05 09:38:00","1.154655","1.15461","1.15468","1.154585","232"
"2021-11-05 09:39:00","1.154545","1.15466","1.15468","1.154515","218"
"2021-11-05 09:40:00","1.15456","1.15454","1.154575","1.15452","239"
"2021-11-05 09:41:00","1.154525","1.154565","1.154565","1.1545","276"
"2021-11-05 09:42:00","1.15454","1.154525","1.154565","1.15449","225"
"2021-11-05 09:43:00","1.15456","1.15453","1.154565","1.154475","275"
"2021-11-05 09:44:00","1.15452","1.15456","1.15459","1.154495","214"
"2021-11-05 09:45:00","1.154405","1.15451","1.15453","1.15436","247"
"2021-11-05 09:46:00","1.15436","1.15439","1.15442","1.154355","243"
"2021-11-05 09:47:00","1.154395","1.154365","1.154415","1.154325","229"
"2021-11-05 09:48:00","1.15435","1.1544","1.154415","1.15433","210"
"2021-11-05 09:49:00","1.154285","1.154345","1.154375","1.154255","217"
"2021-11-05 09:50:00","1.15424","1.154285","1.154285","1.15415","288"
"2021-11-05 09:51:00","1.154245","1.154245","1.154305","1.154215","251"
"2021-11-05 09:52:00","1.154195","1.15424","1.15425","1.154175","196"
"2021-11-05 09:53:00","1.154285","1.15419","1.15433","1.154175","253"
"2021-11-05 09:54:00","1.154285","1.154275","1.15435","1.15426","236"
"2021-11-05 09:55:00","1.154275","1.154285","1.154315","1.15425","200"
"2021-11-05 09:56:00","1.1543","1.154285","1.154355","1.15427","187"
"2021-11-05 09:57:00","1.15437","1.15429","1.15437","1.15428","211"
"2021-11-05 09:58:00","1.154305","1.15438","1.15438","1.154265","226"
"2021-11-05 09:59:00","1.154225","1.154295","1.15431","1.154195","258"
"2021-11-05 10:00:00","1.154235","1.154235","1.154255","1.154185","278"
"2021-11-05 10:01:00","1.154175","1.154235","1.154235","1.15413","270"
"2021-11-05 10:02:00","1.1542","1.15417","1.154225","1.15415","251"
"2021-11-05 10:03:00","1.15419","1.154195","1.15425","1.15417","240"
"2021-11-05 10:04:00","1.154195","1.15418","1.154235","1.15414","242"
"2021-11-05 10:05:00","1.15419","1.15419","1.154245","1.154165","258"
"2021-11-05 10:06:00","1.154205","1.154195","1.15423","1.154155","247"
"2021-11-05 10:07:00","1.15413","1.154205","1.154205","1.154105","221"
"2021-11-05 10:08:00","1.154165","1.15413","1.154185","1.1541","236"
"2021-11-05 10:09:00","1.154135","1.15416","1.154165","1.15412","215"
"2021-11-05 10:10:00","1.154145","1.154125","1.15417","1.154115","246"
"2021-11-05 10:11:00","1.154135","1.15414","1.154155","1.15411","230"
"2021-11-05 10:12:00","1.154175","1.154125","1.15418","1.15411","225"
"2021-11-05 10:13:00","1.1542","1.15417","1.154215","1.15416","228"
"2021-11-05 10:14:00","1.154335","1.154205","1.15437","1.15416","239"
"2021-11-05 10:15:00","1.15437","1.15433","1.15437","1.15428","241"
"2021-11-05 10:16:00","1.15436","1.15438","1.154385","1.154325","235"
"2021-11-05 10:17:00","1.15433","1.154365","1.15437","1.15428","249"
"2021-11-05 10:18:00","1.154355","1.154335","1.154415","1.15431","245"
"2021-11-05 10:19:00","1.15436","1.15435","1.15439","1.15432","223"
"2021-11-05 10:20:00","1.154365","1.15435","1.15439","1.154295","221"
"2021-11-05 10:21:00","1.154345","1.154365","1.154405","1.154315","229"
"2021-11-05 10:22:00","1.154395","1.15434","1.154395","1.154315","219"
"2021-11-05 10:23:00","1.15441","1.154385","1.154425","1.15438","191"
"2021-11-05 10:24:00","1.154405","1.154415","1.15442","1.154315","223"
"2021-11-05 10:25:00","1.1544","1.154405","1.15442","1.15437","230"
"2021-11-05 10:26:00","1.15439","1.1544","1.154425","1.15437","212"
"2021-11-05 10:27:00","1.15438","1.1544","1.15442","1.15437","220"
"2021-11-05 10:28:00","1.154445","1.154395","1.154445","1.154365","220"
"2021-11-05 10:29:00","1.15443","1.15444","1.154465","1.1544","240"
"2021-11-05 10:30:00","1.154335","1.154425","1.15447","1.154305","246"
"2021-11-05 10:31:00","1.15433","1.15432","1.15437","1.154305","217"
"2021-11-05 10:32:00","1.15441","1.15434","1.154415","1.154325","231"
"2021-11-05 10:33:00","1.154455","1.154405","1.154475","1.154385","233"
"2021-11-05 10:34:00","1.154455","1.15446","1.15448","1.15442","217"
"2021-11-05 10:35:00","1.154455","1.15446","1.154475","1.15441","241"
"2021-11-05 10:36:00","1.154435","1.154455","1.15448","1.154415","215"
"2021-11-05 10:37:00","1.154445","1.15444","1.154505","1.15442","230"
"2021-11-05 10:38:00","1.15445","1.15447","1.15451","1.15443","248"
"2021-11-05 10:39:00","1.1544","1.15444","1.154455","1.15437","238"
"2021-11-05 10:40:00","1.15439","1.154395","1.15445","1.154365","223"
"2021-11-05 10:41:00","1.154375","1.154395","1.154455","1.15436","224"
"2021-11-05 10:42:00","1.15434","1.154375","1.15443","1.15432","238"
"2021-11-05 10:43:00","1.154315","1.154335","1.154405","1.154315","233"
"2021-11-05 10:44:00","1.15436","1.154335","1.15437","1.15431","227"
"2021-11-05 10:45:00","1.154345","1.15435","1.154385","1.154325","204"
"2021-11-05 10:46:00","1.15434","1.15435","1.1544","1.15432","198"
"2021-11-05 10:47:00","1.15434","1.154325","1.15437","1.154305","209"
"2021-11-05 10:48:00","1.154345","1.154335","1.154375","1.154285","272"
"2021-11-05 10:49:00","1.15438","1.15434","1.1544","1.15433","206"
"2021-11-05 10:50:00","1.15437","1.15438","1.1544","1.15431","266"
"2021-11-05 10:51:00","1.15445","1.154375","1.154465","1.15435","218"
"2021-11-05 10:52:00","1.154455","1.154445","1.154475","1.15442","214"
"2021-11-05 10:53:00","1.15441","1.15445","1.154465","1.154345","217"
"2021-11-05 10:54:00","1.154415","1.154405","1.15442","1.15436","232"
"2021-11-05 10:55:00","1.15447","1.15443","1.154515","1.15441","206"
"2021-11-05 10:56:00","1.15455","1.154475","1.154575","1.15447","220"
"2021-11-05 10:57:00","1.15477","1.154545","1.15479","1.154545","272"
"2021-11-05 10:58:00","1.15475","1.154765","1.1548","1.15468","206"
"2021-11-05 10:59:00","1.15465","1.15475","1.154765","1.15465","214"
"2021-11-05 11:00:00","1.154805","1.15466","1.154815","1.154645","216"
"2021-11-05 11:01:00","1.1548","1.15481","1.154835","1.15477","222"
"2021-11-05 11:02:00","1.154875","1.154805","1.15493","1.154805","209"
"2021-11-05 11:03:00","1.15496","1.15487","1.154985","1.15485","248"
"2021-11-05 11:04:00","1.154995","1.15496","1.155065","1.15495","199"
"2021-11-05 11:05:00","1.155005","1.154995","1.15506","1.154975","251"
"2021-11-05 11:06:00","1.15497","1.15501","1.155015","1.154885","210"
"2021-11-05 11:07:00","1.155","1.15497","1.155015","1.15492","233"
"2021-11-05 11:08:00","1.155","1.155015","1.15503","1.15496","224"
"2021-11-05 11:09:00","1.15497","1.154995","1.155015","1.154945","229"
"2021-11-05 11:10:00","1.155","1.15496","1.155025","1.154935","237"
"2021-11-05 11:11:00","1.154965","1.15501","1.155025","1.15494","248"
"2021-11-05 11:12:00","1.15496","1.154975","1.154995","1.15494","247"
"2021-11-05 11:13:00","1.155055","1.15497","1.155075","1.15495","237"
"2021-11-05 11:14:00","1.155075","1.155055","1.155105","1.155025","243"
"2021-11-05 11:15:00","1.155045","1.155075","1.155095","1.155025","196"
"2021-11-05 11:16:00","1.15506","1.155045","1.15509","1.15503","201"
"2021-11-05 11:17:00","1.15501","1.15506","1.155065","1.155005","211"
"2021-11-05 11:18:00","1.155025","1.155015","1.15506","1.154985","229"
"2021-11-05 11:19:00","1.155025","1.155035","1.155075","1.155","212"
"2021-11-05 11:20:00","1.15504","1.155035","1.155065","1.15501","226"
"2021-11-05 11:21:00","1.155","1.15505","1.15506","1.154995","212"
"2021-11-05 11:22:00","1.155035","1.15501","1.15507","1.15501","184"
"2021-11-05 11:23:00","1.15503","1.155035","1.155085","1.155025","214"
"2021-11-05 11:24:00","1.15503","1.15504","1.15506","1.15499","240"
"2021-11-05 11:25:00","1.155045","1.155035","1.15509","1.15501","229"
"2021-11-05 11:26:00","1.15515","1.15506","1.15518","1.15505","237"
"2021-11-05 11:27:00","1.155145","1.155145","1.15518","1.155125","241"
"2021-11-05 11:28:00","1.155145","1.155145","1.15517","1.155115","215"
"2021-11-05 11:29:00","1.15515","1.155155","1.155165","1.15506","240"
"2021-11-05 11:30:00","1.1551","1.15513","1.155155","1.155085","219"
"2021-11-05 11:31:00","1.155135","1.155105","1.155165","1.15509","209"
"2021-11-05 11:32:00","1.15515","1.15513","1.15519","1.15511","250"
"2021-11-05 11:33:00","1.15518","1.155155","1.1552","1.155115","212"
"2021-11-05 11:34:00","1.15512","1.15517","1.155205","1.15512","191"
"2021-11-05 11:35:00","1.155135","1.15513","1.155145","1.155085","214"
"2021-11-05 11:36:00","1.15516","1.15514","1.15517","1.155125","246"
"2021-11-05 11:37:00","1.155205","1.155165","1.15523","1.15514","241"
"2021-11-05 11:38:00","1.155185","1.1552","1.15523","1.155175","231"
"2021-11-05 11:39:00","1.15524","1.15521","1.15526","1.15519","248"
"2021-11-05 11:40:00","1.155245","1.15524","1.15527","1.1552","229"
"2021-11-05 11:41:00","1.15524","1.15525","1.15527","1.15522","202"
"2021-11-05 11:42:00","1.155235","1.155235","1.15527","1.155215","209"
"2021-11-05 11:43:00","1.15527","1.15524","1.15528","1.15518","239"
"2021-11-05 11:44:00","1.15527","1.15527","1.15528","1.15522","197"
"2021-11-05 11:45:00","1.155285","1.155265","1.155305","1.155235","213"
"2021-11-05 11:46:00","1.155285","1.155295","1.155315","1.15526","209"
"2021-11-05 11:47:00","1.155285","1.15528","1.15532","1.155265","203"
"2021-11-05 11:48:00","1.155295","1.15528","1.155315","1.155245","215"
"2021-11-05 11:49:00","1.155385","1.1553","1.155395","1.155295","241"
"2021-11-05 11:50:00","1.15536","1.155375","1.155385","1.15534","215"
"2021-11-05 11:51:00","1.155355","1.15536","1.15538","1.155335","218"
"2021-11-05 11:52:00","1.155355","1.155345","1.15538","1.15533","225"
"2021-11-05 11:53:00","1.155365","1.155375","1.15538","1.155325","221"
"2021-11-05 11:54:00","1.15536","1.15537","1.15538","1.15533","210"
"2021-11-05 11:55:00","1.155445","1.15535","1.15546","1.15535","246"
"2021-11-05 11:56:00","1.15551","1.15545","1.155535","1.155425","265"
"2021-11-05 11:57:00","1.15561","1.155505","1.155615","1.15549","237"
"2021-11-05 11:58:00","1.155655","1.15561","1.15566","1.155565","262"
"2021-11-05 11:59:00","1.155755","1.155655","1.155775","1.15562","280"
"2021-11-05 12:00:00","1.155615","1.155765","1.155765","1.155565","255"
"2021-11-05 12:01:00","1.15564","1.15561","1.15565","1.155575","205"
"2021-11-05 12:02:00","1.15565","1.15564","1.155685","1.15559","238"
"2021-11-05 12:03:00","1.15561","1.15565","1.15565","1.155575","202"
"2021-11-05 12:04:00","1.155595","1.15562","1.15562","1.155555","220"
"2021-11-05 12:05:00","1.15563","1.155595","1.15567","1.15558","219"
"2021-11-05 12:06:00","1.155605","1.155615","1.15563","1.15558","215"
"2021-11-05 12:07:00","1.15556","1.1556","1.155615","1.15556","192"
"2021-11-05 12:08:00","1.15552","1.15557","1.155575","1.155515","209"
"2021-11-05 12:09:00","1.155535","1.155535","1.15556","1.15551","174"
"2021-11-05 12:10:00","1.155545","1.155515","1.15558","1.155485","235"
"2021-11-05 12:11:00","1.15561","1.15555","1.155665","1.155535","247"
"2021-11-05 12:12:00","1.15566","1.1556","1.155685","1.1556","208"
"2021-11-05 12:13:00","1.15566","1.15567","1.155715","1.155635","235"
"2021-11-05 12:14:00","1.155625","1.155665","1.15568","1.15559","237"
"2021-11-05 12:15:00","1.155575","1.15563","1.15565","1.15554","226"
"2021-11-05 12:16:00","1.155575","1.155585","1.155615","1.15554","233"
"2021-11-05 12:17:00","1.15554","1.155575","1.155585","1.155525","253"
"2021-11-05 12:18:00","1.15553","1.155535","1.15557","1.15551","228"
"2021-11-05 12:19:00","1.15557","1.15553","1.155585","1.155505","231"
"2021-11-05 12:20:00","1.155595","1.155565","1.15564","1.15555","233"
"2021-11-05 12:21:00","1.15551","1.155595","1.15562","1.15551","231"
"2021-11-05 12:22:00","1.1555","1.155515","1.15557","1.15546","228"
"2021-11-05 12:23:00","1.155485","1.15548","1.15552","1.155475","207"
"2021-11-05 12:24:00","1.15547","1.155485","1.155515","1.155455","193"
"2021-11-05 12:25:00","1.155385","1.15547","1.15549","1.15537","244"
"2021-11-05 12:26:00","1.155425","1.155375","1.15544","1.155365","219"
"2021-11-05 12:27:00","1.155375","1.155415","1.155435","1.15536","187"
"2021-11-05 12:28:00","1.15546","1.155375","1.15548","1.15536","210"
"2021-11-05 12:29:00","1.15552","1.15545","1.15552","1.15543","190"
"2021-11-05 12:30:00","1.155495","1.15553","1.15553","1.15547","187"
"2021-11-05 12:31:00","1.15548","1.15549","1.15557","1.155475","174"
"2021-11-05 12:32:00","1.15551","1.155495","1.155525","1.155465","184"
"2021-11-05 12:33:00","1.15553","1.155505","1.155565","1.15548","192"
"2021-11-05 12:34:00","1.15549","1.155525","1.155545","1.155475","206"
"2021-11-05 12:35:00","1.155475","1.15549","1.15561","1.155475","198"
"2021-11-05 12:36:00","1.15549","1.155495","1.15553","1.155475","219"
"2021-11-05 12:37:00","1.155485","1.15549","1.15552","1.155475","223"
"2021-11-05 12:38:00","1.15553","1.155505","1.15556","1.155485","230"
"2021-11-05 12:39:00","1.15551","1.155535","1.15557","1.15548","181"
"2021-11-05 12:40:00","1.155525","1.155505","1.15556","1.15548","183"
"2021-11-05 12:41:00","1.15551","1.155525","1.155565","1.15547","220"
"2021-11-05 12:42:00","1.15555","1.155505","1.15558","1.1555","209"
"2021-11-05 12:43:00","1.15559","1.155555","1.15561","1.15553","189"
"2021-11-05 12:44:00","1.155585","1.155585","1.155615","1.15555","205"
"2021-11-05 12:45:00","1.15561","1.15558","1.155635","1.155565","191"
"2021-11-05 12:46:00","1.155605","1.155605","1.155635","1.155575","165"
"2021-11-05 12:47:00","1.155595","1.155605","1.155625","1.155545","217"
"2021-11-05 12:48:00","1.15556","1.155605","1.155605","1.155515","175"
"2021-11-05 12:49:00","1.15557","1.155545","1.155575","1.15552","191"
"2021-11-05 12:50:00","1.1555","1.15556","1.15558","1.1555","207"
"2021-11-05 12:51:00","1.155525","1.15551","1.155555","1.155485","184"
"2021-11-05 12:52:00","1.15551","1.15552","1.15558","1.155485","250"
"2021-11-05 12:53:00","1.155425","1.155495","1.15553","1.15542","234"
"2021-11-05 12:54:00","1.155365","1.155445","1.15547","1.15535","217"
"2021-11-05 12:55:00","1.155365","1.155385","1.1554","1.155345","238"
"2021-11-05 12:56:00","1.155395","1.155365","1.155415","1.15535","231"
"2021-11-05 12:57:00","1.15548","1.155395","1.1555","1.155355","236"
"2021-11-05 12:58:00","1.155415","1.155485","1.155595","1.15541","228"
"2021-11-05 12:59:00","1.15533","1.15542","1.155445","1.155285","269"
"2021-11-05 13:00:00","1.155325","1.155305","1.155405","1.15526","243"
"2021-11-05 13:01:00","1.155275","1.15533","1.15536","1.155255","225"
"2021-11-05 13:02:00","1.15525","1.15528","1.15532","1.15523","241"
"2021-11-05 13:03:00","1.1553","1.155245","1.155375","1.155235","240"
"2021-11-05 13:04:00","1.155205","1.155305","1.15536","1.15518","238"
"2021-11-05 13:05:00","1.1551","1.155205","1.155215","1.15505","243"
"2021-11-05 13:06:00","1.15515","1.155115","1.155175","1.15509","244"
"2021-11-05 13:07:00","1.1552","1.15515","1.155215","1.155115","224"
"2021-11-05 13:08:00","1.155165","1.155205","1.15523","1.15515","252"
"2021-11-05 13:09:00","1.15518","1.155175","1.15523","1.155145","252"
"2021-11-05 13:10:00","1.155175","1.15517","1.15526","1.155165","229"
"2021-11-05 13:11:00","1.15531","1.15517","1.155325","1.155155","228"
"2021-11-05 13:12:00","1.15526","1.15531","1.15533","1.155225","241"
"2021-11-05 13:13:00","1.15535","1.15526","1.155365","1.155245","244"
"2021-11-05 13:14:00","1.15541","1.155355","1.155425","1.155325","230"
"2021-11-05 13:15:00","1.155395","1.155415","1.155435","1.15537","253"
"2021-11-05 13:16:00","1.155435","1.1554","1.155465","1.15534","241"
"2021-11-05 13:17:00","1.155485","1.155445","1.15551","1.155435","234"
"2021-11-05 13:18:00","1.155435","1.155495","1.15556","1.155435","237"
"2021-11-05 13:19:00","1.155455","1.155425","1.1555","1.155415","225"
"2021-11-05 13:20:00","1.155415","1.155455","1.15549","1.15541","226"
"2021-11-05 13:21:00","1.155315","1.155415","1.155415","1.155265","230"
"2021-11-05 13:22:00","1.1553","1.15532","1.15536","1.155265","240"
"2021-11-05 13:23:00","1.15536","1.1553","1.155385","1.1553","241"
"2021-11-05 13:24:00","1.155305","1.155355","1.15536","1.15529","256"
"2021-11-05 13:25:00","1.155295","1.155315","1.15532","1.15526","221"
"2021-11-05 13:26:00","1.15522","1.155295","1.15536","1.155175","243"
"2021-11-05 13:27:00","1.15521","1.15522","1.15523","1.155155","228"
"2021-11-05 13:28:00","1.15513","1.15521","1.15521","1.15509","225"
"2021-11-05 13:29:00","1.155135","1.15513","1.15515","1.155105","235"
"2021-11-05 13:30:00","1.155105","1.155125","1.15518","1.15509","249"
"2021-11-05 13:31:00","1.15513","1.15511","1.15515","1.155075","258"
"2021-11-05 13:32:00","1.1552","1.155135","1.15523","1.15512","229"
"2021-11-05 13:33:00","1.155225","1.1552","1.155265","1.155185","221"
"2021-11-05 13:34:00","1.15529","1.15523","1.1553","1.15522","227"
"2021-11-05 13:35:00","1.155215","1.15529","1.15532","1.15517","248"
"2021-11-05 13:36:00","1.15528","1.15521","1.155295","1.155185","244"
"2021-11-05 13:37:00","1.15546","1.15527","1.15549","1.155245","230"
"2021-11-05 13:38:00","1.155405","1.155455","1.155485","1.155405","237"
"2021-11-05 13:39:00","1.155495","1.155415","1.155495","1.1554","252"
"2021-11-05 13:40:00","1.15556","1.15547","1.155605","1.155445","287"
"2021-11-05 13:41:00","1.15561","1.155585","1.155625","1.155545","261"
"2021-11-05 13:42:00","1.15568","1.1556","1.155685","1.155575","292"
"2021-11-05 13:43:00","1.155625","1.155685","1.155695","1.15555","307"
"2021-11-05 13:44:00","1.15568","1.155635","1.155735","1.15562","228"
"2021-11-05 13:45:00","1.15553","1.155685","1.155695","1.15553","254"
"2021-11-05 13:46:00","1.15558","1.155525","1.15561","1.155525","235"
"2021-11-05 13:47:00","1.155625","1.155575","1.155645","1.155545","229"
"2021-11-05 13:48:00","1.15559","1.15561","1.155635","1.155575","220"
"2021-11-05 13:49:00","1.155645","1.15559","1.15567","1.15559","240"
"2021-11-05 13:50:00","1.155715","1.15565","1.15574","1.155635","244"
"2021-11-05 13:51:00","1.155655","1.15572","1.15572","1.15564","225"
"2021-11-05 13:52:00","1.155575","1.15565","1.155665","1.155555","252"
"2021-11-05 13:53:00","1.15559","1.15557","1.155625","1.15556","227"
"2021-11-05 13:54:00","1.155635","1.155595","1.155675","1.155585","261"
"2021-11-05 13:55:00","1.155585","1.155645","1.15566","1.15554","265"
"2021-11-05 13:56:00","1.15555","1.155585","1.155605","1.155535","259"
"2021-11-05 13:57:00","1.15559","1.155545","1.155615","1.155525","275"
"2021-11-05 13:58:00","1.15555","1.155595","1.155645","1.15554","263"
"2021-11-05 13:59:00","1.155445","1.15554","1.15555","1.155425","255"
"2021-11-05 14:00:00","1.15535","1.155455","1.155515","1.15532","269"
"2021-11-05 14:01:00","1.15533","1.155355","1.155405","1.15529","302"
"2021-11-05 14:02:00","1.15548","1.155315","1.155535","1.155305","225"
"2021-11-05 14:03:00","1.15559","1.15547","1.155625","1.155465","240"
"2021-11-05 14:04:00","1.155565","1.15561","1.15564","1.155455","266"
"2021-11-05 14:05:00","1.155715","1.15556","1.155745","1.155545","255"
"2021-11-05 14:06:00","1.155775","1.155725","1.155805","1.155685","243"
"2021-11-05 14:07:00","1.155725","1.155775","1.1558","1.155665","233"
"2021-11-05 14:08:00","1.155745","1.15573","1.15578","1.155705","244"
"2021-11-05 14:09:00","1.155745","1.155765","1.15582","1.155715","248"
"2021-11-05 14:10:00","1.155695","1.15574","1.155755","1.155685","239"
"2021-11-05 14:11:00","1.15577","1.155695","1.155795","1.15567","237"
"2021-11-05 14:12:00","1.155875","1.155775","1.15588","1.155775","234"
"2021-11-05 14:13:00","1.155915","1.155875","1.155945","1.15584","263"
"2021-11-05 14:14:00","1.15584","1.155905","1.15597","1.1558","288"
"2021-11-05 14:15:00","1.155815","1.155835","1.15596","1.15581","246"
"2021-11-05 14:16:00","1.15592","1.1558","1.15593","1.15578","261"
"2021-11-05 14:17:00","1.156075","1.155925","1.15612","1.155905","281"
"2021-11-05 14:18:00","1.156145","1.15608","1.156255","1.155995","272"
"2021-11-05 14:19:00","1.156025","1.156135","1.15616","1.15599","288"
"2021-11-05 14:20:00","1.15599","1.156015","1.156115","1.15597","257"
"2021-11-05 14:21:00","1.15612","1.155995","1.156145","1.155975","263"
"2021-11-05 14:22:00","1.15619","1.156125","1.156215","1.156085","284"
"2021-11-05 14:23:00","1.156075","1.156185","1.156235","1.15606","272"
"2021-11-05 14:24:00","1.156095","1.15608","1.15611","1.156005","226"
"2021-11-05 14:25:00","1.15616","1.156095","1.15619","1.156065","194"
"2021-11-05 14:26:00","1.15609","1.156165","1.15617","1.156075","211"
"2021-11-05 14:27:00","1.156195","1.15608","1.156215","1.15606","219"
"2021-11-05 14:28:00","1.15618","1.15618","1.15621","1.15614","214"
"2021-11-05 14:29:00","1.156145","1.15618","1.1562","1.15607","228"
"2021-11-05 14:30:00","1.156145","1.15614","1.15616","1.156075","220"
"2021-11-05 14:31:00","1.156145","1.15615","1.15621","1.1561","258"
"2021-11-05 14:32:00","1.15618","1.156135","1.15618","1.15611","222"
"2021-11-05 14:33:00","1.156285","1.15617","1.15632","1.15617","305"
"2021-11-05 14:34:00","1.156285","1.156275","1.15631","1.15625","250"
"2021-11-05 14:35:00","1.15613","1.156275","1.156295","1.156095","255"
"2021-11-05 14:36:00","1.15609","1.15614","1.1562","1.15602","290"
"2021-11-05 14:37:00","1.15616","1.156075","1.156165","1.15605","285"
"2021-11-05 14:38:00","1.156125","1.156155","1.15624","1.156095","237"
"2021-11-05 14:39:00","1.156035","1.156135","1.15617","1.15603","264"
"2021-11-05 14:40:00","1.15599","1.156025","1.156105","1.15596","260"
"2021-11-05 14:41:00","1.155985","1.156005","1.15603","1.15596","264"
"2021-11-05 14:42:00","1.15594","1.155985","1.156","1.155915","240"
"2021-11-05 14:43:00","1.15601","1.15593","1.1561","1.15593","256"
"2021-11-05 14:44:00","1.15603","1.15601","1.156055","1.15597","260"
"2021-11-05 14:45:00","1.156015","1.15602","1.156095","1.156","266"
"2021-11-05 14:46:00","1.156005","1.156025","1.15609","1.15598","250"
"2021-11-05 14:47:00","1.155985","1.15601","1.15604","1.15596","246"
"2021-11-05 14:48:00","1.15601","1.15599","1.156055","1.155975","262"
"2021-11-05 14:49:00","1.156155","1.15602","1.15618","1.156","232"
"2021-11-05 14:50:00","1.15614","1.15615","1.15615","1.156035","277"
"2021-11-05 14:51:00","1.156065","1.15613","1.15613","1.156045","255"
"2021-11-05 14:52:00","1.155965","1.15606","1.15609","1.15594","265"
"2021-11-05 14:53:00","1.15588","1.155965","1.156015","1.155865","264"
"2021-11-05 14:54:00","1.155865","1.155895","1.1559","1.15583","239"
"2021-11-05 14:55:00","1.15588","1.155865","1.155895","1.155825","264"
"2021-11-05 14:56:00","1.15605","1.155885","1.156095","1.155875","258"
"2021-11-05 14:57:00","1.15598","1.15604","1.15605","1.15596","283"
"2021-11-05 14:58:00","1.15623","1.15598","1.15623","1.155965","272"
"2021-11-05 14:59:00","1.15604","1.15623","1.15624","1.156025","269"
"2021-11-05 15:00:00","1.155885","1.15603","1.15614","1.155865","309"
"2021-11-05 15:01:00","1.15588","1.155875","1.15596","1.15585","272"
"2021-11-05 15:02:00","1.15593","1.155875","1.156005","1.155875","277"
"2021-11-05 15:03:00","1.155845","1.155925","1.156","1.155845","297"
"2021-11-05 15:04:00","1.155685","1.155855","1.15588","1.15568","288"
"2021-11-05 15:05:00","1.15572","1.15568","1.15583","1.155565","290"
"2021-11-05 15:06:00","1.155685","1.15571","1.155755","1.155575","283"
"2021-11-05 15:07:00","1.15572","1.15568","1.15579","1.15568","271"
"2021-11-05 15:08:00","1.15597","1.15573","1.155985","1.1557","304"
"2021-11-05 15:09:00","1.15601","1.15596","1.15605","1.155915","284"
"2021-11-05 15:10:00","1.15573","1.155995","1.15603","1.15573","289"
"2021-11-05 15:11:00","1.155625","1.15574","1.15574","1.15557","275"
"2021-11-05 15:12:00","1.155665","1.155635","1.1557","1.15554","301"
"2021-11-05 15:13:00","1.155685","1.15566","1.155715","1.15551","271"
"2021-11-05 15:14:00","1.15562","1.155695","1.155785","1.15557","290"
"2021-11-05 15:15:00","1.155295","1.155625","1.155625","1.15527","342"
"2021-11-05 15:16:00","1.155455","1.155305","1.1555","1.15529","271"
"2021-11-05 15:17:00","1.1556","1.15544","1.155615","1.155415","253"
"2021-11-05 15:18:00","1.155615","1.155595","1.15577","1.155555","276"
"2021-11-05 15:19:00","1.155735","1.155615","1.155775","1.15549","298"
"2021-11-05 15:20:00","1.15557","1.155755","1.15576","1.155515","270"
"2021-11-05 15:21:00","1.155515","1.155565","1.15564","1.155495","257"
"2021-11-05 15:22:00","1.155715","1.155525","1.155715","1.155455","254"
"2021-11-05 15:23:00","1.15575","1.15569","1.155845","1.155675","300"
"2021-11-05 15:24:00","1.155425","1.15574","1.15577","1.155355","283"
"2021-11-05 15:25:00","1.15523","1.15542","1.15553","1.15523","315"
"2021-11-05 15:26:00","1.15522","1.155235","1.155375","1.155115","272"
"2021-11-05 15:27:00","1.155425","1.15523","1.15546","1.155225","252"
"2021-11-05 15:28:00","1.155215","1.155425","1.15557","1.155215","261"
"2021-11-05 15:29:00","1.155525","1.15522","1.15557","1.15521","270"
"2021-11-05 15:30:00","1.15565","1.15552","1.155685","1.15546","283"
"2021-11-05 15:31:00","1.155625","1.155655","1.15578","1.1556","274"
"2021-11-05 15:32:00","1.155735","1.155635","1.155775","1.15559","276"
"2021-11-05 15:33:00","1.15571","1.15574","1.15586","1.1557","292"
"2021-11-05 15:34:00","1.1557","1.155715","1.15582","1.15564","273"
"2021-11-05 15:35:00","1.155855","1.155715","1.1559","1.155695","307"
"2021-11-05 15:36:00","1.15581","1.15586","1.15589","1.15569","285"
"2021-11-05 15:37:00","1.15574","1.155815","1.155905","1.155685","259"
"2021-11-05 15:38:00","1.155745","1.15574","1.15579","1.155695","265"
"2021-11-05 15:39:00","1.15589","1.155755","1.155925","1.15571","266"
"2021-11-05 15:40:00","1.15584","1.15588","1.15596","1.155765","257"
"2021-11-05 15:41:00","1.155965","1.15585","1.155965","1.15584","239"
"2021-11-05 15:42:00","1.15588","1.15597","1.15607","1.15587","278"
"2021-11-05 15:43:00","1.155755","1.15589","1.15592","1.15569","271"
"2021-11-05 15:44:00","1.15545","1.15576","1.15579","1.155365","303"
"2021-11-05 15:45:00","1.155525","1.15544","1.155545","1.15539","318"
"2021-11-05 15:46:00","1.155455","1.155525","1.155615","1.15542","296"
"2021-11-05 15:47:00","1.15524","1.155445","1.155445","1.155215","255"
"2021-11-05 15:48:00","1.15534","1.155235","1.155445","1.15523","277"
"2021-11-05 15:49:00","1.155225","1.155345","1.155355","1.155215","280"
"2021-11-05 15:50:00","1.15529","1.155225","1.155305","1.155105","293"
"2021-11-05 15:51:00","1.15544","1.15529","1.15544","1.15524","307"
"2021-11-05 15:52:00","1.15544","1.155435","1.155625","1.15542","295"
"2021-11-05 15:53:00","1.155015","1.155435","1.15547","1.154985","337"
"2021-11-05 15:54:00","1.1551","1.155025","1.15518","1.154995","293"
"2021-11-05 15:55:00","1.15516","1.155095","1.15519","1.15508","251"
"2021-11-05 15:56:00","1.155265","1.15517","1.15534","1.15516","273"
"2021-11-05 15:57:00","1.15491","1.155255","1.155305","1.154885","338"
"2021-11-05 15:58:00","1.154775","1.154885","1.15505","1.15472","273"
"2021-11-05 15:59:00","1.154915","1.154775","1.15494","1.15475","284"
"2021-11-05 16:00:00","1.15482","1.154915","1.15494","1.154785","283"
"2021-11-05 16:01:00","1.15468","1.154805","1.154885","1.15468","260"
"2021-11-05 16:02:00","1.154845","1.15468","1.15489","1.15466","276"
"2021-11-05 16:03:00","1.154725","1.15485","1.15494","1.154725","317"
"2021-11-05 16:04:00","1.15456","1.15472","1.15472","1.15455","286"
"2021-11-05 16:05:00","1.15464","1.154575","1.154715","1.15457","273"
"2021-11-05 16:06:00","1.15458","1.15463","1.154675","1.154545","287"
"2021-11-05 16:07:00","1.15447","1.15461","1.15465","1.15431","330"
"2021-11-05 16:08:00","1.15441","1.154475","1.154495","1.15434","259"
"2021-11-05 16:09:00","1.15431","1.154405","1.154455","1.154305","330"
"2021-11-05 16:10:00","1.154335","1.15431","1.1544","1.15429","277"
"2021-11-05 16:11:00","1.154325","1.154335","1.154415","1.154285","303"
"2021-11-05 16:12:00","1.154195","1.15432","1.15436","1.154125","304"
"2021-11-05 16:13:00","1.15443","1.154185","1.154435","1.154165","281"
"2021-11-05 16:14:00","1.15436","1.15444","1.154615","1.15435","291"
"2021-11-05 16:15:00","1.154265","1.15436","1.154385","1.15425","286"
"2021-11-05 16:16:00","1.154295","1.154275","1.15442","1.15426","327"
"2021-11-05 16:17:00","1.154225","1.15429","1.154305","1.154135","270"
"2021-11-05 16:18:00","1.15432","1.154225","1.154345","1.154175","331"
"2021-11-05 16:19:00","1.154365","1.1543","1.15446","1.154285","318"
"2021-11-05 16:20:00","1.15436","1.15436","1.15444","1.15433","294"
"2021-11-05 16:21:00","1.154335","1.15437","1.154405","1.15423","290"
"2021-11-05 16:22:00","1.15454","1.154345","1.15454","1.154315","285"
"2021-11-05 16:23:00","1.15463","1.154505","1.1547","1.15448","369"
"2021-11-05 16:24:00","1.1545","1.154625","1.154775","1.1545","317"
"2021-11-05 16:25:00","1.15433","1.154505","1.15454","1.1543","282"
"2021-11-05 16:26:00","1.15432","1.154325","1.15446","1.15426","289"
"2021-11-05 16:27:00","1.154045","1.15434","1.154365","1.153965","279"
"2021-11-05 16:28:00","1.154155","1.154035","1.154355","1.154035","307"
"2021-11-05 16:29:00","1.15399","1.154155","1.154165","1.15397","321"
"2021-11-05 16:30:00","1.15401","1.153975","1.154145","1.153945","282"
"2021-11-05 16:31:00","1.154125","1.154005","1.15413","1.15396","273"
"2021-11-05 16:32:00","1.154205","1.15413","1.154235","1.15405","258"
"2021-11-05 16:33:00","1.154335","1.154205","1.154335","1.1542","278"
"2021-11-05 16:34:00","1.154235","1.154315","1.15437","1.15417","270"
"2021-11-05 16:35:00","1.154105","1.154245","1.15426","1.154085","289"
"2021-11-05 16:36:00","1.154095","1.154115","1.15423","1.15407","240"
"2021-11-05 16:37:00","1.154135","1.154095","1.1542","1.154055","268"
"2021-11-05 16:38:00","1.154205","1.15414","1.154215","1.15411","265"
"2021-11-05 16:39:00","1.154225","1.1542","1.154315","1.154175","269"
"2021-11-05 16:40:00","1.154295","1.154225","1.15435","1.154215","284"
"2021-11-05 16:41:00","1.15421","1.15429","1.15439","1.15419","278"
"2021-11-05 16:42:00","1.154335","1.1542","1.15436","1.154155","300"
"2021-11-05 16:43:00","1.15438","1.154335","1.154385","1.15427","279"
"2021-11-05 16:44:00","1.154355","1.154375","1.154435","1.15434","284"
"2021-11-05 16:45:00","1.154225","1.15436","1.15442","1.15421","297"
"2021-11-05 16:46:00","1.1542","1.15423","1.154255","1.15409","255"
"2021-11-05 16:47:00","1.15423","1.154205","1.15426","1.15416","269"
"2021-11-05 16:48:00","1.154195","1.15424","1.154255","1.154075","271"
"2021-11-05 16:49:00","1.154245","1.154195","1.154335","1.154175","281"
"2021-11-05 16:50:00","1.15431","1.15424","1.15432","1.154175","262"
"2021-11-05 16:51:00","1.15431","1.154305","1.154315","1.154265","246"
"2021-11-05 16:52:00","1.154285","1.1543","1.15439","1.154275","262"
"2021-11-05 16:53:00","1.154285","1.154275","1.154385","1.15423","276"
"2021-11-05 16:54:00","1.15415","1.15428","1.15428","1.154125","259"
"2021-11-05 16:55:00","1.15436","1.15416","1.15436","1.154125","275"
"2021-11-05 16:56:00","1.154315","1.154365","1.154475","1.154305","276"
"2021-11-05 16:57:00","1.1543","1.154305","1.154335","1.154255","257"
"2021-11-05 16:58:00","1.15432","1.15431","1.15435","1.154295","267"
"2021-11-05 16:59:00","1.154245","1.154315","1.154335","1.15419","281"
"2021-11-05 17:00:00","1.154125","1.15425","1.15427","1.154105","256"
"2021-11-05 17:01:00","1.15399","1.154115","1.154205","1.15397","282"
"2021-11-05 17:02:00","1.15389","1.153995","1.154105","1.15387","309"
"2021-11-05 17:03:00","1.15391","1.15388","1.15398","1.15386","271"
"2021-11-05 17:04:00","1.15385","1.153905","1.15395","1.15384","247"
"2021-11-05 17:05:00","1.15373","1.153845","1.153845","1.15372","281"
"2021-11-05 17:06:00","1.15367","1.15372","1.153765","1.15355","308"
"2021-11-05 17:07:00","1.15353","1.15367","1.153705","1.15352","276"
"2021-11-05 17:08:00","1.153575","1.15352","1.153595","1.15338","279"
"2021-11-05 17:09:00","1.15352","1.153585","1.153605","1.15351","247"
"2021-11-05 17:10:00","1.153755","1.153515","1.153755","1.15348","295"
"2021-11-05 17:11:00","1.153705","1.15375","1.153775","1.15367","236"
"2021-11-05 17:12:00","1.15374","1.153705","1.15376","1.153665","252"
"2021-11-05 17:13:00","1.15375","1.153745","1.153785","1.15364","271"
"2021-11-05 17:14:00","1.153795","1.153765","1.153835","1.1537","240"
"2021-11-05 17:15:00","1.1539","1.15379","1.1539","1.153785","269"
"2021-11-05 17:16:00","1.153855","1.15389","1.15396","1.15377","277"
"2021-11-05 17:17:00","1.15394","1.153865","1.154025","1.153865","252"
"2021-11-05 17:18:00","1.15401","1.15394","1.154035","1.153895","288"
"2021-11-05 17:19:00","1.154005","1.154015","1.154095","1.153965","262"
"2021-11-05 17:20:00","1.15402","1.153995","1.15408","1.15397","255"
"2021-11-05 17:21:00","1.15397","1.15402","1.154025","1.153925","245"
"2021-11-05 17:22:00","1.153855","1.153965","1.15398","1.153795","246"
"2021-11-05 17:23:00","1.15372","1.153855","1.153875","1.15366","305"
"2021-11-05 17:24:00","1.153555","1.153715","1.15372","1.15352","257"
"2021-11-05 17:25:00","1.153535","1.15355","1.153665","1.15351","294"
"2021-11-05 17:26:00","1.153595","1.15354","1.15367","1.15354","290"
"2021-11-05 17:27:00","1.15354","1.1536","1.1536","1.153505","239"
"2021-11-05 17:28:00","1.153455","1.15355","1.153615","1.15342","233"
"2021-11-05 17:29:00","1.15351","1.15345","1.153535","1.15341","297"
"2021-11-05 17:30:00","1.15336","1.15351","1.15352","1.153295","294"
"2021-11-05 17:31:00","1.1533","1.153345","1.153365","1.15326","278"
"2021-11-05 17:32:00","1.15334","1.15329","1.15337","1.153275","244"
"2021-11-05 17:33:00","1.153365","1.15335","1.15337","1.15324","284"
"2021-11-05 17:34:00","1.15327","1.153355","1.153355","1.15325","266"
"2021-11-05 17:35:00","1.153375","1.15328","1.15341","1.15327","272"
"2021-11-05 17:36:00","1.15333","1.153365","1.153365","1.153245","277"
"2021-11-05 17:37:00","1.153335","1.15334","1.153375","1.15329","253"
"2021-11-05 17:38:00","1.1534","1.15333","1.15343","1.1533","249"
"2021-11-05 17:39:00","1.153585","1.153395","1.15361","1.15339","291"
"2021-11-05 17:40:00","1.15371","1.153585","1.15372","1.153585","246"
"2021-11-05 17:41:00","1.153505","1.15371","1.15371","1.153475","272"
"2021-11-05 17:42:00","1.153275","1.153495","1.15351","1.153235","277"
"2021-11-05 17:43:00","1.15318","1.15327","1.1533","1.15316","264"
"2021-11-05 17:44:00","1.15326","1.15318","1.153345","1.153175","268"
"2021-11-05 17:45:00","1.153345","1.15325","1.15335","1.153245","274"
"2021-11-05 17:46:00","1.15337","1.15335","1.153385","1.153265","259"
"2021-11-05 17:47:00","1.153355","1.153365","1.153425","1.15333","261"
"2021-11-05 17:48:00","1.1532","1.15335","1.153355","1.15318","262"
"2021-11-05 17:49:00","1.15321","1.15319","1.15327","1.153175","258"
"2021-11-05 17:50:00","1.15336","1.1532","1.153375","1.1532","275"
"2021-11-05 17:51:00","1.153465","1.15336","1.153555","1.15327","291"
"2021-11-05 17:52:00","1.15346","1.153465","1.153495","1.153375","282"
"2021-11-05 17:53:00","1.153345","1.153445","1.15352","1.15333","261"
"2021-11-05 17:54:00","1.153435","1.15335","1.15347","1.153345","253"
"2021-11-05 17:55:00","1.15348","1.153425","1.153515","1.153405","247"
"2021-11-05 17:56:00","1.15355","1.15348","1.15359","1.15346","284"
"2021-11-05 17:57:00","1.15345","1.153575","1.15359","1.15339","253"
"2021-11-05 17:58:00","1.15361","1.15344","1.15362","1.15343","298"
"2021-11-05 17:59:00","1.1536","1.153605","1.153635","1.153525","248"
"2021-11-05 18:00:00","1.15363","1.15362","1.153725","1.15352","285"
"2021-11-05 18:01:00","1.153625","1.153625","1.153645","1.153535","283"
"2021-11-05 18:02:00","1.15361","1.15362","1.153725","1.153595","258"
"2021-11-05 18:03:00","1.15344","1.153605","1.153615","1.153365","307"
"2021-11-05 18:04:00","1.15349","1.153445","1.153555","1.153425","285"
"2021-11-05 18:05:00","1.15364","1.15349","1.153655","1.153455","261"
"2021-11-05 18:06:00","1.153775","1.15364","1.15379","1.153635","276"
"2021-11-05 18:07:00","1.153705","1.15377","1.153775","1.15368","253"
"2021-11-05 18:08:00","1.153475","1.153695","1.15371","1.15345","279"
"2021-11-05 18:09:00","1.15349","1.153475","1.15354","1.15342","260"
"2021-11-05 18:10:00","1.15353","1.15349","1.153635","1.153475","273"
"2021-11-05 18:11:00","1.153295","1.15353","1.15357","1.153295","288"
"2021-11-05 18:12:00","1.15323","1.15329","1.15332","1.153195","262"
"2021-11-05 18:13:00","1.153175","1.153235","1.15326","1.153135","262"
"2021-11-05 18:14:00","1.15318","1.15315","1.15325","1.153135","288"
"2021-11-05 18:15:00","1.15324","1.1532","1.15328","1.153135","263"
"2021-11-05 18:16:00","1.15322","1.153235","1.15325","1.15313","268"
"2021-11-05 18:17:00","1.153405","1.153215","1.15343","1.153125","268"
"2021-11-05 18:18:00","1.15324","1.153415","1.15344","1.153185","306"
"2021-11-05 18:19:00","1.153285","1.15325","1.153305","1.153175","275"
"2021-11-05 18:20:00","1.153165","1.15329","1.15329","1.15312","291"
"2021-11-05 18:21:00","1.15315","1.153165","1.15321","1.15308","276"
"2021-11-05 18:22:00","1.153225","1.153135","1.15331","1.15308","299"
"2021-11-05 18:23:00","1.1533","1.153225","1.15337","1.15322","283"
"2021-11-05 18:24:00","1.153265","1.153295","1.153325","1.153135","270"
"2021-11-05 18:25:00","1.15324","1.153255","1.15332","1.15322","248"
"2021-11-05 18:26:00","1.153275","1.15324","1.153385","1.15323","295"
"2021-11-05 18:27:00","1.153305","1.15327","1.15333","1.153215","266"
"2021-11-05 18:28:00","1.15323","1.153305","1.153325","1.1532","273"
"2021-11-05 18:29:00","1.15332","1.153225","1.153355","1.153225","278"
"2021-11-05 18:30:00","1.153185","1.15332","1.15332","1.15316","244"
"2021-11-05 18:31:00","1.15326","1.153185","1.153295","1.153165","242"
"2021-11-05 18:32:00","1.15311","1.15326","1.15328","1.153095","276"
"2021-11-05 18:33:00","1.153015","1.153105","1.15312","1.153015","276"
"2021-11-05 18:34:00","1.153105","1.153","1.15321","1.153","272"
"2021-11-05 18:35:00","1.15334","1.153095","1.15334","1.153095","330"
"2021-11-05 18:36:00","1.153415","1.15334","1.15345","1.153305","301"
"2021-11-05 18:37:00","1.153455","1.153415","1.153475","1.15339","288"
"2021-11-05 18:38:00","1.153355","1.15346","1.153465","1.1533","276"
"2021-11-05 18:39:00","1.153365","1.153355","1.153375","1.15327","254"
"2021-11-05 18:40:00","1.15326","1.15336","1.1534","1.153225","259"
"2021-11-05 18:41:00","1.15345","1.153255","1.15351","1.153245","265"
"2021-11-05 18:42:00","1.153245","1.153445","1.153465","1.15319","292"
"2021-11-05 18:43:00","1.153185","1.153245","1.15333","1.153155","283"
"2021-11-05 18:44:00","1.15331","1.153185","1.15335","1.15314","291"
"2021-11-05 18:45:00","1.1533","1.15333","1.15337","1.15327","264"
"2021-11-05 18:46:00","1.153295","1.1533","1.15333","1.15326","239"
"2021-11-05 18:47:00","1.153285","1.15328","1.15334","1.153255","256"
"2021-11-05 18:48:00","1.15322","1.153285","1.153335","1.15316","258"
"2021-11-05 18:49:00","1.153445","1.15321","1.153465","1.15319","280"
"2021-11-05 18:50:00","1.153345","1.153415","1.15342","1.15333","300"
"2021-11-05 18:51:00","1.153425","1.15333","1.153425","1.15331","290"
"2021-11-05 18:52:00","1.153315","1.15344","1.15345","1.15327","266"
"2021-11-05 18:53:00","1.153165","1.15332","1.15344","1.153155","291"
"2021-11-05 18:54:00","1.15332","1.15318","1.153345","1.153145","291"
"2021-11-05 18:55:00","1.15324","1.153315","1.153355","1.153235","272"
"2021-11-05 18:56:00","1.15319","1.15324","1.15329","1.15316","295"
"2021-11-05 18:57:00","1.15322","1.153195","1.153265","1.153165","265"
"2021-11-05 18:58:00","1.15335","1.153215","1.15342","1.153215","270"
"2021-11-05 18:59:00","1.153375","1.153355","1.15338","1.153255","268"
"2021-11-05 19:00:00","1.153235","1.153375","1.153405","1.15315","292"
